{
    "kB_rd/s": 0.7669081057282352,
    "kB_wr/s": 0.7099287955350643,
    "memory_useage": 0.623678997391108,
    "active_session": -1.1005158986544072
}