{
    "kB_wr/s": 0.2901150640104392,
    "memory_useage": 0.24619378440311362,
    "kB_rd/s": 0.24478868652359548,
    "active_session": 0.21890246506285163
}