{
    "sbtest_public_sbtest11_TupleDelete": 0.01262277489168453,
    "sbtest_public_sbtest11_TupleInsert": 0.012611819407084574,
    "sbtest_public_sbtest64_%HeapBlksHitRatio": 0.012544957379160051,
    "STATUS_waitcmd_AvgWaitTime(us)": 0.012524576680094594,
    "Database(MB)_ReadPerSec": 0.012468863569837793,
    "sbtest_public_sbtest66_IdxBlksHit": 0.012389218638625752,
    "IO_EVENT_BufHashTableSearch_MaxWaitTime(us)": 0.01227176164586657,
    "sbtest_public_sbtest89_TupleUpdate": 0.012254471492542527,
    "sbtest_public_sbtest39_IdxBlksHit": 0.012211304290755258,
    "LWLOCK_EVENT_LockMgrLock_MaxWaitTime(us)": 0.012103472465553428,
    "process_used_memory_End(MB)": 0.012088985721505805,
    "shared_used_memory_End(MB)": 0.012084897343096462,
    "sbtest_public_sbtest84_IdxBlksHit": 0.012041100995784813,
    "sbtest_public_sbtest65_TupleHotUpdate": 0.012039702326022013,
    "sbtest_public_sbtest12_TupleInsert": 0.012012735542854716,
    "sbtest_public_sbtest12_TupleDelete": 0.012012735542854716,
    "sbtest_public_sbtest23_IdxBlksHit": 0.011984385826439781,
    "LWLOCK_EVENT_ProcArrayLock_MaxWaitTime(us)": 0.011975317691722578,
    "sbtest_public_sbtest14_IdxBlksHit": 0.0118971989719496,
    "sbtest_public_sbtest39_TupleInsert": 0.011743445600071954,
    "Database(MB)_ReadWritePerSec": 0.011728683772761813,
    "sbtest_public_sbtest39_TupleDelete": 0.011699099797534833,
    "sbtest_public_sbtest36_%HeapBlksHitRatio": 0.011688056317978828,
    "sbtest_public_sbtest13_TupleHotUpdate": 0.011675594639260527,
    "STATUS_Sort_MaxWaitTime(us)": 0.011672114110948265,
    "sbtest_public_sbtest18_IdxBlksRead": 0.011571702576324703,
    "LWLOCK_EVENT_XidGenLock_AvgWaitTime(us)": 0.01151398338874498,
    "sbtest_public_sbtest95_IdxBlksHit": 0.01140660707087334,
    "LWLOCK_EVENT_ProcArrayLock_AvgWaitTime(us)": 0.011390399080619307,
    "LWLOCK_EVENT_ProcArrayLock_TotalWaitTime(us)": 0.011246847745735249,
    "LoadAverageEnd": 0.011201325791412812,
    "EffectiveCPU_MetricValue": 0.011194687366310229,
    "%System": 0.011167124955297609,
    "sbtest_public_sbtest93_IdxBlksHit": 0.01113221333406614,
    "LWLOCK_EVENT_BufMappingLock_TotalWaitTime(us)": 0.011041930171591923,
    "sbtest_public_sbtest1_%HeapBlksHitRatio": 0.011028117245251039,
    "LWLOCK_EVENT_WaitCountHashLock_AvgWaitTime(us)": 0.01098846798388837,
    "sbtest_public_sbtest52_IdxBlksHit": 0.010939795644022565,
    "LWLOCK_EVENT_BufMappingLock_AvgWaitTime(us)": 0.010925896225607709,
    "sbtest_public_sbtest9_%HeapBlksHitRatio": 0.01092180544997583,
    "sbtest_public_sbtest41_IdxBlksHit": 0.01090528730726759,
    "PARSE_TIME_Value(us)": 0.010876347279326673,
    "IO_EVENT_SLRURead_Waits": 0.010874826993753266,
    "sbtest_public_sbtest15_TupleHotUpdate": 0.010839188885435603,
    "Redorequests_WritePerSec": 0.010615567681955696,
    "STATUS_Sort_AvgWaitTime(us)": 0.01053359188823509,
    "Redo(MB)_WritePerSec": 0.010518015862372889,
    "sbtest_public_sbtest73_IdxBlksHit": 0.010510695953984435,
    "STATUS_HashJoin-buildhash_AvgWaitTime(us)": 0.01045531370714701,
    "sbtest_public_sbtest23_TupleHotUpdate": 0.010379342895408022,
    "sbtest_public_sbtest49_IdxBlksHit": 0.010360415088523265,
    "sbtest_public_sbtest29_IdxBlksHit": 0.010352468543800898,
    "%dle": 0.010341630447979866,
    "sbtest_public_sbtest88_IdxBlksHit": 0.010232674753230173,
    "%User": 0.01021763879132981,
    "sbtest_public_sbtest43_IdxBlksHit": 0.009940261700337674,
    "sbtest_public_sbtest67_IdxBlksHit": 0.009839833528435957,
    "IO_EVENT_DataFilePrefetch_AvgWaitTime(us)": 0.0098231876540441,
    "sbtest_public_sbtest99_TupleHotUpdate": 0.009791061130060733,
    "sbtest_public_sbtest48_TupleHotUpdate": 0.009607347620726623,
    "sbtest_public_sbtest72_IdxBlksHit": 0.009434747018163927,
    "sbtest_public_sbtest78_IdxBlksRead": 0.009314125118444172,
    "LWLOCK_EVENT_PgwrSyncQueueLock_MaxWaitTime(us)": 0.009296971271634421,
    "sbtest_public_sbtest8_IdxBlksRead": 0.008953922942572844,
    "sbtest_public_sbtest90_TupleHotUpdate": 0.008877674103398675,
    "sbtest_public_sbtest78_IdxBlksHit": 0.008780417266383704,
    "sbtest_public_sbtest70_TupleHotUpdate": 0.008693077239662436,
    "sbtest_public_sbtest42_IdxBlksHit": 0.008671151941116485,
    "sbtest_public_sbtest69_IdxBlksHit": 0.008625117029275332,
    "sbtest_public_sbtest51_IdxBlksRead": 0.008546777853439907,
    "IO_EVENT_DoubleWriteFileWrite_Waits": 0.00853709609924862,
    "sbtest_public_sbtest81_IdxBlksHit": 0.008491761220653513,
    "LWLOCK_EVENT_XidGenLock_TotalWaitTime(us)": 0.008354032039935639,
    "LWLOCK_EVENT_PgwrSyncQueueLock_AvgWaitTime(us)": 0.008327277461522016,
    "LoadAverageBegin": 0.008169672163773274,
    "sbtest_public_sbtest69_IdxBlksRead": 0.008102682380751767,
    "sbtest_public_sbtest1_IdxBlksHit": 0.00801346405627357,
    "sbtest_public_sbtest16_HeapBlksRead": 0.008011149173929852,
    "sbtest_public_sbtest98_IdxBlksHit": 0.007820850577890129,
    "sbtest_public_sbtest94_IdxBlksRead": 0.007626197912881224,
    "sbtest_public_sbtest83_IdxBlksHit": 0.00757738784278761,
    "sbtest_public_sbtest71_IdxBlksRead": 0.0075517464952860195,
    "LOCK_EVENT_transactionid_Waits": 0.007399032691479699,
    "sbtest_public_sbtest94_IdxBlksHit": 0.007304244740152712,
    "Database(MB)_WritePerSec": 0.007267591144683752,
    "sbtest_public_sbtest79_IdxBlksRead": 0.0072153133296877755,
    "sbtest_public_sbtest77_IdxBlksHit": 0.006965626359395289,
    "sbtest_public_sbtest54_IdxBlksHit": 0.006947925778485379,
    "sbtest_public_sbtest37_IdxBlksHit": 0.006805817395903568,
    "sbtest_public_sbtest17_IdxBlksHit": 0.006659566117395448,
    "sbtest_public_sbtest7_IdxBlksHit": 0.00660888088052079,
    "sbtest_public_sbtest61_IdxBlksHit": 0.006517686545412233,
    "sbtest_public_sbtest30_IdxBlksHit": 0.006500882421445721,
    "sbtest_public_sbtest72_IdxBlksRead": 0.006500371829513867,
    "sbtest_public_sbtest45_IdxBlksHit": 0.006457418821398404,
    "sbtest_public_sbtest3_IdxBlksHit": 0.006373827172725864,
    "sbtest_public_sbtest96_IdxBlksHit": 0.006266013639658884,
    "sbtest_public_sbtest64_IdxBlksHit": 0.006199369838249984,
    "sbtest_public_sbtest44_IdxBlksHit": 0.0061767966021095775,
    "sbtest_public_sbtest33_IdxBlksHit": 0.006058004637603739,
    "LWLOCK_EVENT_WALWriteLock_Waits": 0.005842291694713709,
    "LWLOCK_EVENT_PgwrSyncQueueLock_TotalWaitTime(us)": 0.005639255848161353,
    "sbtest_public_sbtest92_IdxBlksHit": 0.005483906897207966
}