{
    "kB_wr/s": 0.28654541933080807,
    "kB_rd/s": 0.2693730414526227,
    "active_session": 0.2576929588241872,
    "disk_total_read": 0.12038564317121939,
    "error_cnt_per_second": 0.06600293722116313
}