{
    "kB_wr/s": 0.2611154722575416,
    "kB_rd/s": 0.2555307904661841,
    "active_session": 0.2504188267355165,
    "filesys_use_rate": 0.2329349105407578
}